title,price,original price,url,timestamp
Microsoft Xbox Series S,US $299.00,US $299.00,https://www.ebay.com/itm/266190900217?_trkparms=5373%3A5000014449%7C5374%3ATech%7C5079%3A5000014449,2025-03-21 23:30:51
Apple iPhone 15 Pro 256gb ( Unlocked) US E-Sim Version. Excellent,US $674.99,US $674.99,https://www.ebay.com/itm/166613095133?_trkparms=5373%3A5000014449%7C5374%3ATech%7C5079%3A5000014449,2025-03-21 23:30:51
Google Pixel 8 Pro 128GB Factory Unlocked - Excellent,US $434.99,US $434.99,https://www.ebay.com/itm/226348022590?_trkparms=5373%3A5000014449%7C5374%3ATech%7C5079%3A5000014449,2025-03-21 23:30:51
"Apple Macbook Air MLY33LL/A 2022 M2 - Magsafe 3 - 13.6"" 8GB/256GB SSD Excellent",US $650.00,US $650.00,https://www.ebay.com/itm/166206685749?_trkparms=5373%3A5000014449%7C5374%3ATech%7C5079%3A5000014449,2025-03-21 23:30:52
Samsung Galaxy S21 5G SM-G991U 128GB 256GB Unlocked Very Good Refurbished,US $159.95,US $159.95,https://www.ebay.com/itm/185698601733?_trkparms=5373%3A5000014449%7C5374%3ATech%7C5079%3A5000014449,2025-03-21 23:30:52
NEW UNLOCKED SAMSUNG GALAXY S20+ PLUS 5G SM-G986U 128GB BLACK GRAY GSM+CDMA,US $207.77,US $207.77,https://www.ebay.com/itm/194520534603?_trkparms=5373%3A5000014449%7C5374%3ATech%7C5079%3A5000014449,2025-03-21 23:30:52
"HGST Ultrastar HUH728080ALE604 (0F23668) 8TB 7200RPM SATA 6Gb/s 3.5"" Hard Drive",US $98.99,US $98.99,https://www.ebay.com/itm/155888794968?_trkparms=5373%3A5000014449%7C5374%3ATech%7C5079%3A5000014449,2025-03-21 23:30:52
Apple iPhone 13 Pro 128GB Unlocked - Excellent,US $357.95,US $357.95,https://www.ebay.com/itm/403999454004?_trkparms=5373%3A5000014449%7C5374%3ATech%7C5079%3A5000014468,2025-03-21 23:30:52
Apple iPhone 14 Pro 128GB Unlocked - Excellent,US $446.95,US $446.95,https://www.ebay.com/itm/405469724990?_trkparms=5373%3A5000014449%7C5374%3ATech%7C5079%3A5000014468,2025-03-21 23:30:52
Apple iPhone 13 128GB Unlocked - Excellent,US $286.95,US $286.95,https://www.ebay.com/itm/404240045218?_trkparms=5373%3A5000014449%7C5374%3ATech%7C5079%3A5000014468,2025-03-21 23:30:52
Apple iPhone 13 128GB Unlocked - Excellent,US $301.99,US $301.99,https://www.ebay.com/itm/256350256024?_trkparms=5373%3A5000014449%7C5374%3ATech%7C5079%3A5000014468,2025-03-21 23:30:52
Apple iPhone 13 Pro 256GB Unlocked - Excellent,US $402.95,US $402.95,https://www.ebay.com/itm/386146593917?_trkparms=5373%3A5000014449%7C5374%3ATech%7C5079%3A5000014468,2025-03-21 23:30:53
"Lenovo LOQ 15.6"" FHD 144Hz Gaming Laptop i5-12450HX 12GB RAM 512GB SSD RTX 3050",US $599.99,"US $880.99 | 32% OFF
Previous price: US $880.99 32% off",https://www.ebay.com/itm/126480962681?_trkparms=5373%3A5000014449%7C5374%3ATech%7C5079%3A5000014452,2025-03-21 23:30:53
"Lenovo LOQ-E 15.6"" FHD 144Hz Gaming Laptop i5-12450HX 8GB RAM 512GB SSD RTX 2050",US $499.99,"US $699.99 | 29% OFF
Previous price: US $699.99 29% off",https://www.ebay.com/itm/126754097392?_trkparms=5373%3A5000014449%7C5374%3ATech%7C5079%3A5000014452,2025-03-21 23:30:53
"Lenovo ThinkPad T490s 14"" TOUCH FHD i7-8565U 16GB NEW 512 SSD Win 11 pro laptop",US $299.99,US $299.99,https://www.ebay.com/itm/224833789923?_trkparms=5373%3A5000014449%7C5374%3ATech%7C5079%3A5000014452,2025-03-21 23:30:53
MacBook Air 15-inch 2024 M3 / 16GB RAM / 512GB SSD / 10-Core GPU / Midnight,"US $1,099.00","US $1,099.00",https://www.ebay.com/itm/256520205430?_trkparms=5373%3A5000014449%7C5374%3ATech%7C5079%3A5000014452,2025-03-21 23:30:53
"Microsoft R1V-00009-SG 13.5"" 8GB 512GB Surface Laptop-5 - Certified Refurbished",US $459.99,"US $1,099.99
Previous price: US $1,099.99 58% off",https://www.ebay.com/itm/135463162076?_trkparms=5373%3A5000014449%7C5374%3ATech%7C5079%3A5000014452,2025-03-21 23:30:53
Celestron 93973 SkyQ Link 2 Wi-Fi Module (Black),US $109.99,"US $169.95 | 35% OFF
Previous price: US $169.95 35% off",https://www.ebay.com/itm/374232972694?_trkparms=5373%3A5000014449%7C5374%3ATech%7C5079%3A5000014464,2025-03-21 23:30:53
50-in-1 + Waterproof Case for Gopro Hero 12 11 10 Action Camera Accessory Kit,US $39.99,US $39.99,https://www.ebay.com/itm/116174595662?_trkparms=5373%3A5000014449%7C5374%3ATech%7C5079%3A5000014464,2025-03-21 23:30:53
"DJI Osmo Mobile SE Gimbal, 3-Axis, Portable , Foldable, Android , iPhone Gimbal",US $69.00,US $69.00,https://www.ebay.com/itm/305001613153?_trkparms=5373%3A5000014449%7C5374%3ATech%7C5079%3A5000014464,2025-03-21 23:30:54
AOCHUAN Smart XE 3-Axis Smartphone Gimbal Stabilizer for iPhone Android Phones,US $49.00,US $49.00,https://www.ebay.com/itm/405047322473?_trkparms=5373%3A5000014449%7C5374%3ATech%7C5079%3A5000014464,2025-03-21 23:30:54
Insta360 Ace Pro Action Camera AI-Powered Waterproof BRAND NEW SEALED FREESHIP!,US $272.99,"US $313.94 | 13% OFF
Previous price: US $313.94 13% off",https://www.ebay.com/itm/296796434258?_trkparms=5373%3A5000014449%7C5374%3ATech%7C5079%3A5000014464,2025-03-21 23:30:54
BenQ TK860i 3300lm Smart Home Theater Projector 4K HDR Streaming 2D Keystone,US $919.00,"US $1,379.99
Previous price: US $1,379.99 33% off",https://www.ebay.com/itm/375807945618?_trkparms=5373%3A5000014449%7C5374%3ATech%7C5079%3A5000014481,2025-03-21 23:30:54
"Bose Solo Soundbar 2 Home Theater, Certified Refurbished",US $149.00,"US $199.00 | 25% OFF
Previous price: US $199.00 25% off",https://www.ebay.com/itm/167031735841?_trkparms=5373%3A5000014449%7C5374%3ATech%7C5079%3A5000014481,2025-03-21 23:30:54
"2023-2024 , Amazon Fire TV Stick 3rd Gen w/Alexa includes TV controls. New*",US $33.88,US $33.88,https://www.ebay.com/itm/315040720206?_trkparms=5373%3A5000014449%7C5374%3ATech%7C5079%3A5000014481,2025-03-21 23:30:54
Onn. Google TV 4K Streaming 4K UHD Resolution 2023 Brand New,US $26.00,US $26.00,https://www.ebay.com/itm/225931956556?_trkparms=5373%3A5000014449%7C5374%3ATech%7C5079%3A5000014481,2025-03-21 23:30:54
BenQ GP500 4K HDR LED Smart Home Theater Projector 1500 Lm Auto Focus 1.3x zoom,US $734.00,"US $1,799.00
Previous price: US $1,799.00 59% off",https://www.ebay.com/itm/166398780476?_trkparms=5373%3A5000014449%7C5374%3ATech%7C5079%3A5000014481,2025-03-21 23:30:54
"2020 Apple iPad 8 10.2"" Display 32GB WiFi Only MYL92LL/A Space Gray - Very Good",US $143.99,"US $329.00 | 56% OFF
Previous price: US $329.00 56% off",https://www.ebay.com/itm/354233898171?_trkparms=5373%3A5000014449%7C5374%3ATech%7C5079%3A5000014454,2025-03-21 23:30:54
"Samsung Galaxy Tab S8 Ultra 14.6"" 128GB X900 Wifi Only No S-Pen - Excellent",US $390.00,"US $899.99 | 57% OFF
Previous price: US $899.99 57% off",https://www.ebay.com/itm/256402595266?_trkparms=5373%3A5000014449%7C5374%3ATech%7C5079%3A5000014454,2025-03-21 23:30:54
"Samsung Galaxy Tab S8 Ultra 14.6"" 128GB X900 Wifi Only - Excellent",US $437.00,"US $899.99 | 51% OFF
Previous price: US $899.99 51% off",https://www.ebay.com/itm/256728624782?_trkparms=5373%3A5000014449%7C5374%3ATech%7C5079%3A5000014454,2025-03-21 23:30:55
"Samsung Galaxy Tab S9 FE 5G SM-X518U AT&T Unlocked (Any Carrier) 10.9"" 128GB",US $274.99,"US $500.00 | 45% OFF
Previous price: US $500.00 45% off",https://www.ebay.com/itm/204770375443?_trkparms=5373%3A5000014449%7C5374%3ATech%7C5079%3A5000014454,2025-03-21 23:30:55
"2020 Apple iPad 8th Gen 10.2"" MYLD2LL/A w/128GB & WiFi Only (Space Gray) - Good",US $156.99,"US $429.00 | 63% OFF
Previous price: US $429.00 63% off",https://www.ebay.com/itm/374345947274?_trkparms=5373%3A5000014449%7C5374%3ATech%7C5079%3A5000014454,2025-03-21 23:30:55
Nintendo new 3DS LL XL Console only Various colors Used RANK A/B Region free,US $234.99,US $234.99,https://www.ebay.com/itm/392605432382?_trkparms=5373%3A5000014449%7C5374%3ATech%7C5079%3A5000014470,2025-03-21 23:30:55
Nintendo Switch Console HAC-001 w/ Joy Con + Dock + Charger +HDMI 1 Day Ship,US $199.99,US $199.99,https://www.ebay.com/itm/276455280375?_trkparms=5373%3A5000014449%7C5374%3ATech%7C5079%3A5000014470,2025-03-21 23:30:55
PS Vita PCH-2000 Sony Playstation Accessory complete Console Used (Excellent),US $174.99,US $174.99,https://www.ebay.com/itm/394111931672?_trkparms=5373%3A5000014449%7C5374%3ATech%7C5079%3A5000014470,2025-03-21 23:30:55
RULE OF ROSE ENG PS2 PAL UK BRAND NEW SEALED 505 GAMES QUALITY CECK CONTROL,US $260.22,US $260.22,https://www.ebay.com/itm/256673834870?_trkparms=5373%3A5000014449%7C5374%3ATech%7C5079%3A5000014470,2025-03-21 23:30:55
Sony PS5 Genuine Stick Module CFI-ZSM1G for DualSense Edge NEW FAST SHIPPING,US $37.50,US $37.50,https://www.ebay.com/itm/126828529391?_trkparms=5373%3A5000014449%7C5374%3ATech%7C5079%3A5000014470,2025-03-21 23:30:55
Pivo Pod Silver with Remote and Travel Case - Fast Auto Tracking Phone Silver,US $49.99,US $49.99,https://www.ebay.com/itm/334638953359?_trkparms=5373%3A5000014449%7C5374%3ATech%7C5079%3A5000014474,2025-03-21 23:30:55
"Genuine Apple Leather MagSafe Card Wallet for iPhone 12, 13, 14 & 15 - Midnight",US $61.61,"US $76.54 | 20% OFF
Previous price: US $76.54 20% off",https://www.ebay.com/itm/166944987243?_trkparms=5373%3A5000014449%7C5374%3ATech%7C5079%3A5000014474,2025-03-21 23:30:56
ORIGINAL BATTERY SAMSUNG EB-BN980ABY GALAXY NOTE 20 5G SM-N980F/DS SM-N981U OEM,US $28.09,US $28.09,https://www.ebay.com/itm/135102614669?_trkparms=5373%3A5000014449%7C5374%3ATech%7C5079%3A5000014474,2025-03-21 23:30:56
Genuine / Official Apple iPhone 13 Silicone MagSafe Case / Cover - Blue Jay,US $44.09,"US $63.57 | 31% OFF
Previous price: US $63.57 31% off",https://www.ebay.com/itm/374184094391?_trkparms=5373%3A5000014449%7C5374%3ATech%7C5079%3A5000014474,2025-03-21 23:30:56
Apple AirTag Bluetooth GPS Tracker Silver MX532AM/A A2187 For iPhone & iPad,US $22.95,US $22.95,https://www.ebay.com/itm/296373153889?_trkparms=5373%3A5000014449%7C5374%3ATech%7C5079%3A5000014474,2025-03-21 23:30:56
Taramps DS 4000x4 2 Ohms Amplifier 4 Channels 4000W RMS - by Taramps,US $340.00,US $340.00,https://www.ebay.com/itm/356206361583?_trkparms=5373%3A5000014449%7C5374%3ATech%7C5079%3A5000014450,2025-03-21 23:30:56
Taramps DS 2000x4 2 Ohms 2000 Watts RMS 4-Channel 500x4 Watts RMS Class D,US $217.99,US $217.99,https://www.ebay.com/itm/354493911383?_trkparms=5373%3A5000014449%7C5374%3ATech%7C5079%3A5000014450,2025-03-21 23:30:56
WOLFBOX G840S 12”Mirror Dash Cam 4K Rear View Mirror Dash Camera Front and Rear,US $64.99,"US $104.99 | 38% OFF
Previous price: US $104.99 38% off",https://www.ebay.com/itm/225914453447?_trkparms=5373%3A5000014449%7C5374%3ATech%7C5079%3A5000014450,2025-03-21 23:30:56
REDTIGER Dash Cam 4K Front and Rear Dash Camera WiFi GPS with Free 64GB SD Card,US $89.99,"US $149.99 | 40% OFF
Previous price: US $149.99 40% off",https://www.ebay.com/itm/285320367972?_trkparms=5373%3A5000014449%7C5374%3ATech%7C5079%3A5000014450,2025-03-21 23:30:56
"REDTIGER F17 4K Dash Cam 3 Channel,5G WiFi Front and Rear Inside,Hardwire kit",US $105.99,"US $165.99 | 36% OFF
Previous price: US $165.99 36% off",https://www.ebay.com/itm/285949283718?_trkparms=5373%3A5000014449%7C5374%3ATech%7C5079%3A5000014450,2025-03-21 23:30:56
"Seagate IronWolf 12TB 7200RPM SATA 6Gb/s 256MB 3.5"" NAS Hard Drive ST12000VN0007",US $133.99,US $133.99,https://www.ebay.com/itm/166672350380?_trkparms=5373%3A5000014449%7C5374%3ATech%7C5079%3A5000014456,2025-03-21 23:30:56
"Seagate IronWolf Pro 10TB 7200RPM SATA 6Gb/s 256MB 3.5"" NAS HDD - ST10000NE0004",US $128.99,US $128.99,https://www.ebay.com/itm/167272951826?_trkparms=5373%3A5000014449%7C5374%3ATech%7C5079%3A5000014456,2025-03-21 23:30:56
"Seagate Exos 28TB 7.2K RPM SATA 6Gb/s 3.5"" Enterprise HDD - ST28000NM000C",US $334.99,US $334.99,https://www.ebay.com/itm/296879436001?_trkparms=5373%3A5000014449%7C5374%3ATech%7C5079%3A5000014456,2025-03-21 23:30:57
MSI SPATIUM Series M482 M.2 2280 2TB PCI-Express 4.0 x4 Internal Solid State Dri,US $152.99,US $152.99,https://www.ebay.com/itm/386842541654?_trkparms=5373%3A5000014449%7C5374%3ATech%7C5079%3A5000014456,2025-03-21 23:30:57
Netac 1TB 2TB 512GB Internal SSD 2.5'' SATA III 6Gb/s Solid State Drive lot,US $13.99,US $13.99,https://www.ebay.com/itm/314555594439?_trkparms=5373%3A5000014449%7C5374%3ATech%7C5079%3A5000014456,2025-03-21 23:30:57
"HP OfficeJet 250 Mobile All-in-One Printer | Mobile Print, Scan, Copy | CZ992A",US $389.99,"US $489.99 | 20% OFF
Previous price: US $489.99 20% off",https://www.ebay.com/itm/155769674699?_trkparms=5373%3A5000014449%7C5374%3ATech%7C5079%3A5000014472,2025-03-21 23:30:57
New Zebra ZD421 Direct Thermal Desktop Label Printer 203 dpi No Ribbon Required,US $299.00,"US $499.00 | 40% OFF
Previous price: US $499.00 40% off",https://www.ebay.com/itm/116462122244?_trkparms=5373%3A5000014449%7C5374%3ATech%7C5079%3A5000014472,2025-03-21 23:30:57
New Zebra ZD421 ZD4AH42-D01E00EZ Direct Thermal Label Healthcare Printer 203 dpi,US $399.00,"US $669.00 | 40% OFF
Previous price: US $669.00 40% off",https://www.ebay.com/itm/116415636410?_trkparms=5373%3A5000014449%7C5374%3ATech%7C5079%3A5000014472,2025-03-21 23:30:57
50Y0096 POS Thermal Printer Print Head for IBM SureMark 4610-1NR 4610-1ND 203dpi,US $25.28,US $25.28,https://www.ebay.com/itm/133777216696?_trkparms=5373%3A5000014449%7C5374%3ATech%7C5079%3A5000014472,2025-03-21 23:30:57
Original Druckkopf HP DesignJet 110 500 510 800 815 PS / Nr. 11 C4810A -C4813A,US $194.16,US $194.16,https://www.ebay.com/itm/356127740145?_trkparms=5373%3A5000014449%7C5374%3ATech%7C5079%3A5000014472,2025-03-21 23:30:57
Sony MDR-7506 Professional Studio Wired Headphone Headset,US $59.79,US $59.79,https://www.ebay.com/itm/356129102114?_trkparms=5373%3A5000014449%7C5374%3ATech%7C5079%3A5000014460,2025-03-21 23:30:57
BRAND NEW Harman Kardon Fly TWS True Wireless In-Ear Headphones - Black,US $56.99,US $56.99,https://www.ebay.com/itm/304719930024?_trkparms=5373%3A5000014449%7C5374%3ATech%7C5079%3A5000014460,2025-03-21 23:30:58
Sony WF-1000XM5 Truly Wireless Bluetooth Noise Canceling Headphones - Black,US $112.99,"US $299.99 | 62% OFF
Previous price: US $299.99 62% off",https://www.ebay.com/itm/276015021037?_trkparms=5373%3A5000014449%7C5374%3ATech%7C5079%3A5000014460,2025-03-21 23:30:58
Soundcore Space Q45 Wireless Headphone Over-Ear Active Noise Cancelling 50h Play,US $79.99,"US $229.99 | 65% OFF
Previous price: US $229.99 65% off",https://www.ebay.com/itm/383512859307?_trkparms=5373%3A5000014449%7C5374%3ATech%7C5079%3A5000014460,2025-03-21 23:30:58
Bose SoundSport Wired 3.5mm Jack Earphones Headphones Earbuds Charcoal-Black,US $29.80,US $29.80,https://www.ebay.com/itm/356129102581?_trkparms=5373%3A5000014449%7C5374%3ATech%7C5079%3A5000014460,2025-03-21 23:30:58
Canon RF 28-70mm f/2.8 IS STM Lens Canon RF,US $999.00,"US $1,099.00
Previous price: US $1,099.00 9% off",https://www.ebay.com/itm/286086611827?_trkparms=5373%3A5000014449%7C5374%3ATech%7C5079%3A5000014476,2025-03-21 23:30:58
32mm to 37mm Step Upping Cover Adapter Cover Lens Adapter Filter Camera,US $3.49,US $3.49,https://www.ebay.com/itm/394158348565?_trkparms=5373%3A5000014449%7C5374%3ATech%7C5079%3A5000014476,2025-03-21 23:30:58
"Nikon AF-S Nikkor 85mm f/1.8 G, FX, GUT",US $317.82,US $317.82,https://www.ebay.com/itm/205080912282?_trkparms=5373%3A5000014449%7C5374%3ATech%7C5079%3A5000014476,2025-03-21 23:30:58
"für Nikon AF, Sigma DC 30 mm F/1.4 HSM",US $146.43,US $146.43,https://www.ebay.com/itm/205080921211?_trkparms=5373%3A5000014449%7C5374%3ATech%7C5079%3A5000014476,2025-03-21 23:30:58
Mamiya / Phaseone 645 Zoom-AF 55-110 4.5 - Top Zustand! RAR,US $541.27,US $541.27,https://www.ebay.com/itm/186758103412?_trkparms=5373%3A5000014449%7C5374%3ATech%7C5079%3A5000014476,2025-03-21 23:30:58
BenQ TK860i 3300lm Smart Home Theater Projector 4K HDR Streaming 2D Keystone,US $919.00,"US $1,379.99
Previous price: US $1,379.99 33% off",https://www.ebay.com/itm/375807945618?_trkparms=5373%3A5000014449%7C5374%3ATech%7C5079%3A5000014488,2025-03-21 23:30:59
Taramps DS 4000x4 2 Ohms Amplifier 4 Channels 4000W RMS - by Taramps,US $340.00,US $340.00,https://www.ebay.com/itm/356206361583?_trkparms=5373%3A5000014449%7C5374%3ATech%7C5079%3A5000014488,2025-03-21 23:30:59
Sony MDR-7506 Professional Studio Wired Headphone Headset,US $59.79,US $59.79,https://www.ebay.com/itm/356129102114?_trkparms=5373%3A5000014449%7C5374%3ATech%7C5079%3A5000014488,2025-03-21 23:30:59
Taramps DS 2000x4 2 Ohms 2000 Watts RMS 4-Channel 500x4 Watts RMS Class D,US $217.99,US $217.99,https://www.ebay.com/itm/354493911383?_trkparms=5373%3A5000014449%7C5374%3ATech%7C5079%3A5000014488,2025-03-21 23:30:59
ZOSI H.265+ 16 Channel 5MP Lite HD CCTV DVR for Security Camera System Kit,US $89.99,"US $112.49 | 20% OFF
Previous price: US $112.49 20% off",https://www.ebay.com/itm/322645934871?_trkparms=5373%3A5000014449%7C5374%3ATech%7C5079%3A5000014488,2025-03-21 23:30:59
Max/Max 2 - White House Hero DVD - BRAND-NEW and SEALED 9z,US $8.88,"US $31.95 | 72% OFF
Previous price: US $31.95 72% off",https://www.ebay.com/itm/176908244586?_trkparms=5373%3A5000014449%7C5374%3ATech%7C5079%3A5000014458,2025-03-21 23:30:59
Otto the Rhino DVD 2012 Animated English Version BRAND-NEW Sealed 9z,US $8.88,"US $24.95 | 64% OFF
Previous price: US $24.95 64% off",https://www.ebay.com/itm/176906606227?_trkparms=5373%3A5000014449%7C5374%3ATech%7C5079%3A5000014458,2025-03-21 23:30:59
"Poms (DVD, 2019, Widescreen) Diane Keaton, Jacki Weaver, Rhea Perlman NEW 9z",US $8.88,"US $24.95 | 64% OFF
Previous price: US $24.95 64% off",https://www.ebay.com/itm/176908181307?_trkparms=5373%3A5000014449%7C5374%3ATech%7C5079%3A5000014458,2025-03-21 23:30:59
4 Movie Collection Comedy Life / Roscoe Jenkins / Bulletproof / Major Payne 9z,US $11.57,"US $28.95 | 60% OFF
Previous price: US $28.95 60% off",https://www.ebay.com/itm/176908198807?_trkparms=5373%3A5000014449%7C5374%3ATech%7C5079%3A5000014458,2025-03-21 23:30:59
Double Feature DVD: The Losers & RocknRolla with Gerard Butler 9z,US $8.88,"US $29.95 | 70% OFF
Previous price: US $29.95 70% off",https://www.ebay.com/itm/405628328337?_trkparms=5373%3A5000014449%7C5374%3ATech%7C5079%3A5000014458,2025-03-21 23:31:00
Lenovo DK1633 40A9 ThinkPad USB-C Dock Station 40A90090US + 90W Power Supply,US $55.00,US $55.00,https://www.ebay.com/itm/145072664056?_trkparms=5373%3A5000014449%7C5374%3ATech%7C5079%3A5000014478,2025-03-21 23:31:00
"Xiaomi Mi Computer Monitor Light Bar - , Extra Computer Lighting",US $29.99,US $29.99,https://www.ebay.com/itm/126003498904?_trkparms=5373%3A5000014449%7C5374%3ATech%7C5079%3A5000014478,2025-03-21 23:31:00
For iPad Pro 11'' (4/3/2/1) Case | Ringke [Fusion Sketch Stand] for Drawing,US $32.99,"US $37.99 | 13% OFF
Previous price: US $37.99 13% off",https://www.ebay.com/itm/266921467304?_trkparms=5373%3A5000014449%7C5374%3ATech%7C5079%3A5000014478,2025-03-21 23:31:00
"For iPad Pro M4 iPad Air M2 M3 11""/13"" [Paper Touch Film] Screen Protector",US $19.99,"US $26.99 | 26% OFF
Previous price: US $26.99 26% off",https://www.ebay.com/itm/266858951820?_trkparms=5373%3A5000014449%7C5374%3ATech%7C5079%3A5000014478,2025-03-21 23:31:00
For iPad Pro 11'' (M4 2024) Case | Ringke [Fusion Sketch Stand] for Drawing,US $35.99,"US $40.99 | 12% OFF
Previous price: US $40.99 12% off",https://www.ebay.com/itm/256583927129?_trkparms=5373%3A5000014449%7C5374%3ATech%7C5079%3A5000014478,2025-03-21 23:31:00
Apple iPhone 13 Pro 128GB Unlocked - Excellent,US $357.95,US $357.95,https://www.ebay.com/itm/403999454004?_trkparms=5373%3A5000014449%7C5374%3ATech%7C5079%3A5000014466,2025-03-21 23:31:00
Apple iPhone 14 Pro 128GB Unlocked - Excellent,US $446.95,US $446.95,https://www.ebay.com/itm/405469724990?_trkparms=5373%3A5000014449%7C5374%3ATech%7C5079%3A5000014466,2025-03-21 23:31:00
Apple iPhone 13 128GB Unlocked - Excellent,US $286.95,US $286.95,https://www.ebay.com/itm/404240045218?_trkparms=5373%3A5000014449%7C5374%3ATech%7C5079%3A5000014466,2025-03-21 23:31:00
Apple iPhone 13 128GB Unlocked - Excellent,US $301.99,US $301.99,https://www.ebay.com/itm/256350256024?_trkparms=5373%3A5000014449%7C5374%3ATech%7C5079%3A5000014466,2025-03-21 23:31:00
Apple iPhone 13 Pro 256GB Unlocked - Excellent,US $402.95,US $402.95,https://www.ebay.com/itm/386146593917?_trkparms=5373%3A5000014449%7C5374%3ATech%7C5079%3A5000014466,2025-03-21 23:31:00
"Lenovo LOQ 15.6"" FHD 144Hz Gaming Laptop i5-12450HX 12GB RAM 512GB SSD RTX 3050",US $599.99,"US $880.99 | 32% OFF
Previous price: US $880.99 32% off",https://www.ebay.com/itm/126480962681?_trkparms=5373%3A5000014449%7C5374%3ATech%7C5079%3A5000014490,2025-03-21 23:31:01
"Seagate IronWolf 12TB 7200RPM SATA 6Gb/s 256MB 3.5"" NAS Hard Drive ST12000VN0007",US $133.99,US $133.99,https://www.ebay.com/itm/166672350380?_trkparms=5373%3A5000014449%7C5374%3ATech%7C5079%3A5000014490,2025-03-21 23:31:01
Intel Xeon Gold 6254 3.1GHz 24.75MB 18-Core 200W FCLGA3647 SRF92,US $245.00,US $245.00,https://www.ebay.com/itm/235898025773?_trkparms=5373%3A5000014449%7C5374%3ATech%7C5079%3A5000014490,2025-03-21 23:31:01
"Lenovo LOQ-E 15.6"" FHD 144Hz Gaming Laptop i5-12450HX 8GB RAM 512GB SSD RTX 2050",US $499.99,"US $699.99 | 29% OFF
Previous price: US $699.99 29% off",https://www.ebay.com/itm/126754097392?_trkparms=5373%3A5000014449%7C5374%3ATech%7C5079%3A5000014490,2025-03-21 23:31:01
"Lenovo ThinkPad T490s 14"" TOUCH FHD i7-8565U 16GB NEW 512 SSD Win 11 pro laptop",US $299.99,US $299.99,https://www.ebay.com/itm/224833789923?_trkparms=5373%3A5000014449%7C5374%3ATech%7C5079%3A5000014490,2025-03-21 23:31:01
